merchant_id,signup_timestamp,country,industry,business_type,signup_channel
m_000f075d63,2024-02-27 00:00:00.0000000,NG,Fintech,Enterprise,Referral
m_0085e707d2,2024-01-21 00:00:00.0000000,NG,Fintech,SME,Web
m_015713372e,2024-01-22 00:00:00.0000000,NG,Logistics,SME,Referral
m_01b846e000,2024-02-05 00:00:00.0000000,NG,SaaS,SME,Sales
m_01e9a0b208,2024-01-08 00:00:00.0000000,NG,SaaS,Enterprise,Web
m_023c9f13cc,2024-01-14 00:00:00.0000000,NG,Fintech,Enterprise,Web
m_02f4599a40,2024-01-05 00:00:00.0000000,NG,SaaS,SME,Web
m_02f736b6c7,2024-02-27 00:00:00.0000000,NG,Fintech,Enterprise,Sales
m_03a6e19aa3,2024-02-11 00:00:00.0000000,NG,Education,SME,Web
m_03cf231ea8,2024-02-11 00:00:00.0000000,NG,Fintech,SME,Referral
m_0428750f7d,2024-01-04 00:00:00.0000000,NG,SaaS,Enterprise,Referral
m_044ef9cb06,2024-02-29 00:00:00.0000000,NG,SaaS,Enterprise,Web
m_0455c1f540,2024-01-29 00:00:00.0000000,NG,Logistics,SME,Referral
m_045d08bf26,2024-02-06 00:00:00.0000000,NG,Logistics,SME,Sales
m_04a70a2b7b,2024-02-14 00:00:00.0000000,NG,Education,Enterprise,Referral
m_05057afafc,2024-02-22 00:00:00.0000000,NG,Education,SME,Web
m_0535155beb,2024-01-06 00:00:00.0000000,NG,Education,SME,Sales
m_05f04b1b09,2024-02-01 00:00:00.0000000,NG,Ecommerce,Enterprise,Web
m_0612c5b2ba,2024-02-27 00:00:00.0000000,NG,Education,SME,Sales
m_06150197f9,2024-02-15 00:00:00.0000000,NG,Fintech,Enterprise,Web
m_067751ce34,2024-01-09 00:00:00.0000000,NG,Fintech,Enterprise,Referral
m_06ae3eee96,2024-02-29 00:00:00.0000000,NG,Logistics,Enterprise,Referral
m_06ccb6373b,2024-01-04 00:00:00.0000000,NG,Education,SME,Sales
m_06e4d0ee44,2024-01-12 00:00:00.0000000,NG,Education,SME,Referral
m_075e13f3a4,2024-02-21 00:00:00.0000000,NG,Fintech,Enterprise,Sales
m_07ebc45136,2024-01-30 00:00:00.0000000,NG,Education,Enterprise,Referral
m_0819a74639,2024-01-26 00:00:00.0000000,NG,Ecommerce,Enterprise,Sales
m_0880f17b89,2024-01-23 00:00:00.0000000,NG,Ecommerce,Enterprise,Sales
m_08a7dc622f,2024-02-17 00:00:00.0000000,NG,Ecommerce,Enterprise,Web
m_08e6cc639a,2024-01-02 00:00:00.0000000,NG,Fintech,SME,Referral
m_0963313c5e,2024-02-21 00:00:00.0000000,NG,Ecommerce,Enterprise,Referral
m_0a0817ce3a,2024-02-28 00:00:00.0000000,NG,Education,Enterprise,Referral
m_0a33294aa4,2024-02-08 00:00:00.0000000,NG,Fintech,SME,Sales
m_0a85de429c,2024-01-23 00:00:00.0000000,NG,Fintech,Enterprise,Referral
m_0b19e4df03,2024-02-13 00:00:00.0000000,NG,SaaS,SME,Sales
m_0b63edeb9f,2024-01-25 00:00:00.0000000,NG,Ecommerce,SME,Web
m_0bad2d7816,2024-02-02 00:00:00.0000000,NG,SaaS,Enterprise,Referral
m_0c814b691f,2024-01-16 00:00:00.0000000,NG,Education,Enterprise,Sales
m_0cbc002065,2024-01-04 00:00:00.0000000,NG,SaaS,Enterprise,Sales
m_0cccd0e0ed,2024-02-02 00:00:00.0000000,NG,Ecommerce,SME,Referral
m_0cd0a5139b,2024-01-11 00:00:00.0000000,NG,SaaS,SME,Sales
m_0cd31d704f,2024-02-03 00:00:00.0000000,NG,SaaS,SME,Referral
m_0cd386f249,2024-01-01 00:00:00.0000000,NG,Fintech,SME,Web
m_0d6d795470,2024-02-22 00:00:00.0000000,NG,Education,SME,Sales
m_0da104f5ea,2024-02-29 00:00:00.0000000,NG,Fintech,Enterprise,Web
m_0dcf3fab6e,2024-02-11 00:00:00.0000000,NG,Logistics,Enterprise,Referral
m_0df8fd450d,2024-01-19 00:00:00.0000000,NG,Fintech,Enterprise,Web
m_0e46ae487c,2024-02-01 00:00:00.0000000,NG,Ecommerce,SME,Referral
m_0e6fe2fdca,2024-02-05 00:00:00.0000000,NG,Fintech,Enterprise,Sales
m_0f67471f44,2024-01-26 00:00:00.0000000,NG,Fintech,SME,Sales
m_0f9baa1676,2024-01-26 00:00:00.0000000,NG,SaaS,SME,Sales
m_10b86f9475,2024-01-08 00:00:00.0000000,NG,Fintech,Enterprise,Referral
m_10ed12ff38,2024-02-26 00:00:00.0000000,NG,Logistics,Enterprise,Referral
m_1144dcadf3,2024-01-09 00:00:00.0000000,NG,Education,SME,Referral
m_11548884d3,2024-01-12 00:00:00.0000000,NG,SaaS,SME,Referral
m_1169f936bb,2024-02-22 00:00:00.0000000,NG,Education,SME,Sales
m_11c30dc2e9,2024-02-02 00:00:00.0000000,NG,SaaS,SME,Sales
m_11eedabd9a,2024-01-29 00:00:00.0000000,NG,Logistics,SME,Sales
m_12077ff851,2024-01-12 00:00:00.0000000,NG,Logistics,Enterprise,Sales
m_12872df906,2024-01-13 00:00:00.0000000,NG,SaaS,Enterprise,Referral
m_1382df1f71,2024-02-05 00:00:00.0000000,NG,Ecommerce,SME,Web
m_13e6f888f3,2024-02-08 00:00:00.0000000,NG,Ecommerce,SME,Web
m_14360d6599,2024-01-30 00:00:00.0000000,NG,Education,SME,Web
m_14591d2f1b,2024-01-25 00:00:00.0000000,NG,Logistics,SME,Referral
m_1521b5045d,2024-01-04 00:00:00.0000000,NG,Ecommerce,SME,Sales
m_15500f6be3,2024-01-11 00:00:00.0000000,NG,SaaS,Enterprise,Web
m_158980f675,2024-02-08 00:00:00.0000000,NG,Logistics,Enterprise,Web
m_15ba2b6121,2024-02-27 00:00:00.0000000,NG,SaaS,SME,Web
m_15f67e1c85,2024-02-11 00:00:00.0000000,NG,SaaS,Enterprise,Referral
m_16589a1b00,2024-02-25 00:00:00.0000000,NG,SaaS,Enterprise,Referral
m_169330386a,2024-02-17 00:00:00.0000000,NG,Logistics,SME,Referral
m_16e1660a09,2024-02-16 00:00:00.0000000,NG,SaaS,Enterprise,Sales
m_17043e6f5b,2024-02-21 00:00:00.0000000,NG,Education,Enterprise,Referral
m_17210dcac4,2024-02-24 00:00:00.0000000,NG,Logistics,Enterprise,Sales
m_1741929e5d,2024-01-24 00:00:00.0000000,NG,Education,SME,Referral
m_181a0b1326,2024-02-05 00:00:00.0000000,NG,SaaS,SME,Referral
m_181b8476e0,2024-02-01 00:00:00.0000000,NG,Education,SME,Web
m_184699b8c1,2024-02-02 00:00:00.0000000,NG,Education,Enterprise,Web
m_1878e4770b,2024-01-25 00:00:00.0000000,NG,Ecommerce,SME,Sales
m_1a2b51f33c,2024-01-16 00:00:00.0000000,NG,Fintech,Enterprise,Web
m_1a68c4cbb4,2024-02-16 00:00:00.0000000,NG,Education,Enterprise,Sales
m_1ac3590983,2024-02-08 00:00:00.0000000,NG,Education,SME,Web
m_1b57c603d7,2024-01-04 00:00:00.0000000,NG,Ecommerce,SME,Referral
m_1bf89bce1c,2024-02-05 00:00:00.0000000,NG,Logistics,SME,Web
m_1c18ca4f64,2024-02-22 00:00:00.0000000,NG,Logistics,SME,Referral
m_1c2af2ea45,2024-02-20 00:00:00.0000000,NG,SaaS,Enterprise,Referral
m_1c52d68aa6,2024-02-27 00:00:00.0000000,NG,Ecommerce,SME,Referral
m_1c7cdae480,2024-02-13 00:00:00.0000000,NG,Logistics,Enterprise,Sales
m_1cc1fdcdd0,2024-01-23 00:00:00.0000000,NG,Education,SME,Referral
m_1ceb4d525d,2024-01-31 00:00:00.0000000,NG,Logistics,SME,Sales
m_1daaab45fa,2024-01-21 00:00:00.0000000,NG,SaaS,Enterprise,Web
m_1dbd6a0f4a,2024-01-25 00:00:00.0000000,NG,Ecommerce,Enterprise,Sales
m_1ddf35afa4,2024-01-10 00:00:00.0000000,NG,Ecommerce,SME,Web
m_1e989cf3ea,2024-02-27 00:00:00.0000000,NG,Ecommerce,Enterprise,Web
m_1e9dec1386,2024-01-07 00:00:00.0000000,NG,SaaS,Enterprise,Referral
m_1ee8da2274,2024-02-01 00:00:00.0000000,NG,Education,Enterprise,Web
m_1f58404bdf,2024-01-08 00:00:00.0000000,NG,SaaS,SME,Web
m_1fa3a2c0aa,2024-01-03 00:00:00.0000000,NG,Ecommerce,SME,Sales
m_1fd1bf0a2b,2024-01-22 00:00:00.0000000,NG,Education,SME,Sales
m_2051e1ad5b,2024-02-02 00:00:00.0000000,NG,Ecommerce,SME,Sales
m_217d21793a,2024-02-24 00:00:00.0000000,NG,Logistics,SME,Referral
m_21867232fa,2024-01-06 00:00:00.0000000,NG,Logistics,Enterprise,Referral
m_223fd438d3,2024-01-18 00:00:00.0000000,NG,Logistics,Enterprise,Sales
m_22833a3a43,2024-02-13 00:00:00.0000000,NG,SaaS,SME,Sales
m_22b9004798,2024-02-20 00:00:00.0000000,NG,Education,Enterprise,Referral
m_23584e377a,2024-02-18 00:00:00.0000000,NG,Logistics,SME,Sales
m_2364b72971,2024-01-02 00:00:00.0000000,NG,SaaS,SME,Sales
m_237772a721,2024-01-15 00:00:00.0000000,NG,Education,SME,Web
m_2378f14fce,2024-01-24 00:00:00.0000000,NG,Logistics,SME,Web
m_23b4668299,2024-01-19 00:00:00.0000000,NG,Logistics,Enterprise,Referral
m_23c3c28070,2024-02-10 00:00:00.0000000,NG,Logistics,SME,Referral
m_2414ba1714,2024-01-12 00:00:00.0000000,NG,Fintech,Enterprise,Sales
m_2472aa89db,2024-02-26 00:00:00.0000000,NG,Education,SME,Web
m_249f5dfd43,2024-02-08 00:00:00.0000000,NG,Ecommerce,Enterprise,Sales
m_24a7092178,2024-01-24 00:00:00.0000000,NG,Logistics,Enterprise,Referral
m_24c4fe5068,2024-02-24 00:00:00.0000000,NG,SaaS,Enterprise,Web
m_24c6aea3fc,2024-01-24 00:00:00.0000000,NG,Ecommerce,Enterprise,Sales
m_250c027d7e,2024-02-20 00:00:00.0000000,NG,Logistics,Enterprise,Sales
m_250c87aa54,2024-02-15 00:00:00.0000000,NG,Fintech,SME,Sales
m_260ea9a310,2024-02-13 00:00:00.0000000,NG,SaaS,Enterprise,Sales
m_2616e6dd1e,2024-01-01 00:00:00.0000000,NG,Fintech,Enterprise,Web
m_26247f35f0,2024-01-01 00:00:00.0000000,NG,Education,Enterprise,Sales
m_264dd5a676,2024-02-13 00:00:00.0000000,NG,Education,SME,Referral
m_26d81405de,2024-02-27 00:00:00.0000000,NG,SaaS,SME,Referral
m_27628ff0c5,2024-01-07 00:00:00.0000000,NG,Fintech,Enterprise,Referral
m_282750b3a4,2024-01-16 00:00:00.0000000,NG,Logistics,Enterprise,Referral
m_28691cd760,2024-02-19 00:00:00.0000000,NG,Fintech,SME,Web
m_28a4e23781,2024-01-21 00:00:00.0000000,NG,Ecommerce,Enterprise,Sales
m_28d3955fa3,2024-02-02 00:00:00.0000000,NG,Logistics,Enterprise,Sales
m_292333b8ef,2024-02-28 00:00:00.0000000,NG,Ecommerce,Enterprise,Sales
m_293d02a872,2024-01-07 00:00:00.0000000,NG,Ecommerce,Enterprise,Sales
m_2946032d52,2024-02-23 00:00:00.0000000,NG,SaaS,Enterprise,Sales
m_2988f6eef7,2024-02-29 00:00:00.0000000,NG,Fintech,Enterprise,Web
m_29b897d103,2024-01-16 00:00:00.0000000,NG,Ecommerce,SME,Web
m_29ca273889,2024-01-29 00:00:00.0000000,NG,Ecommerce,SME,Sales
m_29df738521,2024-01-27 00:00:00.0000000,NG,SaaS,SME,Sales
m_29e61588b7,2024-02-27 00:00:00.0000000,NG,Ecommerce,SME,Referral
m_29fa4af120,2024-01-19 00:00:00.0000000,NG,Fintech,Enterprise,Web
m_2a175d8d78,2024-02-18 00:00:00.0000000,NG,Logistics,Enterprise,Web
m_2a42374400,2024-01-15 00:00:00.0000000,NG,Fintech,SME,Sales
m_2a6875be31,2024-01-05 00:00:00.0000000,NG,Education,Enterprise,Web
m_2a68de4044,2024-01-01 00:00:00.0000000,NG,Fintech,Enterprise,Sales
m_2a858ab930,2024-01-01 00:00:00.0000000,NG,Logistics,SME,Web
m_2ad89f07ee,2024-01-20 00:00:00.0000000,NG,Logistics,Enterprise,Web
m_2b65e6087c,2024-02-07 00:00:00.0000000,NG,SaaS,Enterprise,Referral
m_2b87c6392f,2024-02-09 00:00:00.0000000,NG,Ecommerce,Enterprise,Sales
m_2b9796bc3e,2024-01-30 00:00:00.0000000,NG,Education,SME,Sales
m_2bb400aae8,2024-02-09 00:00:00.0000000,NG,Fintech,Enterprise,Web
m_2c2abcfbc3,2024-02-10 00:00:00.0000000,NG,Ecommerce,SME,Web
m_2c6488de0f,2024-01-02 00:00:00.0000000,NG,Ecommerce,SME,Web
m_2c89fbd79c,2024-02-27 00:00:00.0000000,NG,Logistics,SME,Referral
m_2c8bcd4117,2024-01-20 00:00:00.0000000,NG,Education,Enterprise,Sales
m_2c92260fe0,2024-01-16 00:00:00.0000000,NG,SaaS,SME,Web
m_2d3153137d,2024-02-04 00:00:00.0000000,NG,SaaS,Enterprise,Web
m_2d480b2df9,2024-02-27 00:00:00.0000000,NG,Fintech,Enterprise,Sales
m_2e0c794d1b,2024-02-27 00:00:00.0000000,NG,SaaS,SME,Referral
m_2f7a70c46a,2024-01-12 00:00:00.0000000,NG,Education,SME,Sales
m_2f8ab40765,2024-01-29 00:00:00.0000000,NG,Education,SME,Referral
m_2fc28d4a6b,2024-01-29 00:00:00.0000000,NG,Ecommerce,Enterprise,Referral
m_2ff40be70a,2024-01-14 00:00:00.0000000,NG,Ecommerce,Enterprise,Referral
m_30315e8abb,2024-02-06 00:00:00.0000000,NG,Logistics,Enterprise,Web
m_3095be967f,2024-02-04 00:00:00.0000000,NG,Education,Enterprise,Referral
m_3098bbde3c,2024-02-24 00:00:00.0000000,NG,SaaS,Enterprise,Sales
m_309a636592,2024-02-20 00:00:00.0000000,NG,SaaS,Enterprise,Referral
m_31822b607b,2024-01-02 00:00:00.0000000,NG,Education,Enterprise,Referral
m_32132e463f,2024-02-26 00:00:00.0000000,NG,SaaS,SME,Web
m_321414b094,2024-01-22 00:00:00.0000000,NG,Fintech,Enterprise,Referral
m_32922f97ae,2024-02-21 00:00:00.0000000,NG,Education,SME,Referral
m_32b096247f,2024-01-30 00:00:00.0000000,NG,Logistics,Enterprise,Referral
m_32f5ca7323,2024-02-27 00:00:00.0000000,NG,Logistics,SME,Referral
m_3343cdeae1,2024-02-14 00:00:00.0000000,NG,Fintech,SME,Sales
m_334e0f5f03,2024-02-19 00:00:00.0000000,NG,Fintech,SME,Web
m_3372dbb15a,2024-02-23 00:00:00.0000000,NG,Logistics,SME,Sales
m_34538315ca,2024-02-22 00:00:00.0000000,NG,Ecommerce,Enterprise,Referral
m_347e686f04,2024-01-26 00:00:00.0000000,NG,Fintech,Enterprise,Web
m_350fc21058,2024-01-29 00:00:00.0000000,NG,Fintech,SME,Sales
m_352ea48c17,2024-01-16 00:00:00.0000000,NG,Education,SME,Sales
m_35ab80bd91,2024-02-21 00:00:00.0000000,NG,Ecommerce,Enterprise,Referral
m_35c27054bf,2024-02-18 00:00:00.0000000,NG,Logistics,Enterprise,Sales
m_366f98eda7,2024-01-26 00:00:00.0000000,NG,Education,Enterprise,Sales
m_3679ad302c,2024-01-25 00:00:00.0000000,NG,Ecommerce,Enterprise,Sales
m_367f3691ac,2024-01-27 00:00:00.0000000,NG,Fintech,Enterprise,Sales
m_368052d2a8,2024-02-21 00:00:00.0000000,NG,Education,SME,Sales
m_36ab1e818f,2024-01-24 00:00:00.0000000,NG,Education,Enterprise,Referral
m_372504a9f0,2024-01-28 00:00:00.0000000,NG,Fintech,SME,Web
m_3730742521,2024-02-20 00:00:00.0000000,NG,SaaS,SME,Referral
m_381a368a84,2024-01-13 00:00:00.0000000,NG,Ecommerce,SME,Web
m_3829da0d98,2024-01-12 00:00:00.0000000,NG,Fintech,SME,Referral
m_387b7e1774,2024-02-08 00:00:00.0000000,NG,Logistics,SME,Sales
m_39442e0896,2024-02-08 00:00:00.0000000,NG,Fintech,Enterprise,Sales
m_396983a155,2024-02-03 00:00:00.0000000,NG,Fintech,SME,Web
m_3a0b2655c2,2024-02-11 00:00:00.0000000,NG,Education,SME,Referral
m_3a67f3c3c3,2024-02-10 00:00:00.0000000,NG,Fintech,Enterprise,Referral
m_3a6d428fd4,2024-02-18 00:00:00.0000000,NG,Fintech,SME,Web
m_3a9024559f,2024-01-08 00:00:00.0000000,NG,Logistics,SME,Referral
m_3add94cc04,2024-02-22 00:00:00.0000000,NG,Logistics,SME,Referral
m_3b6f5e7ab7,2024-01-18 00:00:00.0000000,NG,Logistics,SME,Sales
m_3b987f526e,2024-01-27 00:00:00.0000000,NG,SaaS,Enterprise,Web
m_3ba995f686,2024-01-13 00:00:00.0000000,NG,Logistics,Enterprise,Referral
m_3bbc480854,2024-01-09 00:00:00.0000000,NG,SaaS,Enterprise,Web
m_3bc40babf3,2024-01-23 00:00:00.0000000,NG,Ecommerce,SME,Web
m_3c362258df,2024-01-06 00:00:00.0000000,NG,Education,Enterprise,Sales
m_3cb6e46fca,2024-02-18 00:00:00.0000000,NG,Ecommerce,SME,Referral
m_3cbccdfbe2,2024-02-05 00:00:00.0000000,NG,Logistics,SME,Web
m_3dce738f35,2024-01-05 00:00:00.0000000,NG,Ecommerce,Enterprise,Web
m_3deb32890d,2024-01-08 00:00:00.0000000,NG,Fintech,Enterprise,Sales
m_3ecc19e3b6,2024-01-14 00:00:00.0000000,NG,Education,SME,Sales
m_3ef8f43c97,2024-02-29 00:00:00.0000000,NG,Logistics,SME,Sales
m_3f59691769,2024-01-28 00:00:00.0000000,NG,Ecommerce,SME,Web
m_3fcfb21713,2024-01-03 00:00:00.0000000,NG,Education,SME,Web
m_3ff0ec631c,2024-02-09 00:00:00.0000000,NG,Education,Enterprise,Sales
m_4034dcb50a,2024-02-20 00:00:00.0000000,NG,Logistics,SME,Web
m_4053ee70a0,2024-02-11 00:00:00.0000000,NG,Fintech,Enterprise,Sales
m_40f0ac96eb,2024-01-23 00:00:00.0000000,NG,Fintech,Enterprise,Web
m_41c16c2f71,2024-01-17 00:00:00.0000000,NG,Logistics,Enterprise,Web
m_41edae325c,2024-01-08 00:00:00.0000000,NG,Logistics,Enterprise,Web
m_42df7df586,2024-01-29 00:00:00.0000000,NG,Ecommerce,SME,Sales
m_434fc9b1fd,2024-01-29 00:00:00.0000000,NG,Fintech,Enterprise,Referral
m_436b89fbb7,2024-02-29 00:00:00.0000000,NG,Education,SME,Sales
m_437cf27b48,2024-02-09 00:00:00.0000000,NG,SaaS,SME,Web
m_43e41877e5,2024-01-09 00:00:00.0000000,NG,Ecommerce,SME,Referral
m_442afafa89,2024-01-07 00:00:00.0000000,NG,Logistics,SME,Referral
m_442afe6b8b,2024-01-20 00:00:00.0000000,NG,Logistics,Enterprise,Web
m_46206c3e66,2024-01-24 00:00:00.0000000,NG,SaaS,SME,Web
m_471a369034,2024-01-24 00:00:00.0000000,NG,SaaS,SME,Web
m_476fd597f6,2024-01-07 00:00:00.0000000,NG,Fintech,Enterprise,Web
m_477c7bf1cb,2024-02-26 00:00:00.0000000,NG,Fintech,Enterprise,Sales
m_47879f784c,2024-01-21 00:00:00.0000000,NG,Education,SME,Sales
m_478d1c7b15,2024-01-23 00:00:00.0000000,NG,Education,Enterprise,Web
m_4873e4295d,2024-02-21 00:00:00.0000000,NG,Fintech,Enterprise,Sales
m_4894dedfee,2024-02-03 00:00:00.0000000,NG,SaaS,SME,Sales
m_490667463d,2024-02-29 00:00:00.0000000,NG,Education,Enterprise,Sales
m_49121849ae,2024-02-16 00:00:00.0000000,NG,Education,Enterprise,Sales
m_49ca3ee0b3,2024-02-06 00:00:00.0000000,NG,Ecommerce,SME,Sales
m_49f63da907,2024-02-27 00:00:00.0000000,NG,Logistics,Enterprise,Web
m_4a698d8b4c,2024-01-06 00:00:00.0000000,NG,Fintech,SME,Web
m_4b2d64b5b4,2024-01-08 00:00:00.0000000,NG,Logistics,Enterprise,Sales
m_4bbb0be18b,2024-02-25 00:00:00.0000000,NG,Education,Enterprise,Sales
m_4bc66994d6,2024-02-20 00:00:00.0000000,NG,Education,Enterprise,Sales
m_4bda98f51d,2024-02-12 00:00:00.0000000,NG,Ecommerce,SME,Sales
m_4cb0ef01fc,2024-01-26 00:00:00.0000000,NG,Education,SME,Referral
m_4cefda97ba,2024-01-25 00:00:00.0000000,NG,Education,SME,Sales
m_4d1676ece9,2024-02-22 00:00:00.0000000,NG,Ecommerce,SME,Referral
m_4dba1746af,2024-01-15 00:00:00.0000000,NG,Fintech,SME,Web
m_4fadff3748,2024-02-01 00:00:00.0000000,NG,Education,Enterprise,Referral
m_4fb18550a0,2024-02-18 00:00:00.0000000,NG,SaaS,Enterprise,Web
m_4fb782d661,2024-01-16 00:00:00.0000000,NG,Fintech,Enterprise,Web
m_508bb99920,2024-01-08 00:00:00.0000000,NG,Fintech,Enterprise,Web
m_50b7dd7ecc,2024-01-22 00:00:00.0000000,NG,Education,Enterprise,Web
m_50ba87a2ef,2024-02-28 00:00:00.0000000,NG,SaaS,SME,Sales
m_50be243ae4,2024-02-03 00:00:00.0000000,NG,Education,SME,Sales
m_510e9da692,2024-02-05 00:00:00.0000000,NG,Ecommerce,Enterprise,Referral
m_51f5e8dc90,2024-01-28 00:00:00.0000000,NG,Education,Enterprise,Sales
m_524e378e4e,2024-01-16 00:00:00.0000000,NG,SaaS,Enterprise,Referral
m_5256ceaa87,2024-02-09 00:00:00.0000000,NG,Fintech,SME,Sales
m_528dcddfb7,2024-02-04 00:00:00.0000000,NG,Ecommerce,Enterprise,Referral
m_53e1cf17dd,2024-02-21 00:00:00.0000000,NG,Fintech,SME,Referral
m_5458894590,2024-02-19 00:00:00.0000000,NG,Logistics,SME,Referral
m_5466766cc2,2024-02-16 00:00:00.0000000,NG,Education,SME,Referral
m_54b728f02d,2024-01-03 00:00:00.0000000,NG,Education,SME,Referral
m_54d77390be,2024-02-16 00:00:00.0000000,NG,SaaS,SME,Sales
m_550aee8a05,2024-02-01 00:00:00.0000000,NG,SaaS,SME,Referral
m_560cc9c436,2024-02-16 00:00:00.0000000,NG,Ecommerce,SME,Sales
m_563d65aed0,2024-01-14 00:00:00.0000000,NG,SaaS,Enterprise,Sales
m_5661e6dc0f,2024-02-06 00:00:00.0000000,NG,Education,SME,Sales
m_56a80ef3a4,2024-02-06 00:00:00.0000000,NG,Fintech,SME,Web
m_570ff787b5,2024-01-19 00:00:00.0000000,NG,Education,Enterprise,Web
m_5817aa64f6,2024-02-08 00:00:00.0000000,NG,Ecommerce,SME,Web
m_58d35b3823,2024-01-06 00:00:00.0000000,NG,Ecommerce,Enterprise,Web
m_58e43f9326,2024-01-28 00:00:00.0000000,NG,Logistics,SME,Web
m_58f0ce9d26,2024-01-01 00:00:00.0000000,NG,Fintech,SME,Web
m_59078bef32,2024-01-12 00:00:00.0000000,NG,Ecommerce,Enterprise,Web
m_59792d7346,2024-01-03 00:00:00.0000000,NG,Logistics,SME,Web
m_59d67acebe,2024-01-31 00:00:00.0000000,NG,Ecommerce,SME,Web
m_59e433c738,2024-01-12 00:00:00.0000000,NG,Fintech,Enterprise,Web
m_5a0ef6e9ed,2024-01-29 00:00:00.0000000,NG,SaaS,SME,Sales
m_5a20b84bcc,2024-02-15 00:00:00.0000000,NG,Ecommerce,Enterprise,Referral
m_5a2966607f,2024-02-22 00:00:00.0000000,NG,Fintech,SME,Sales
m_5af252200c,2024-02-17 00:00:00.0000000,NG,Education,Enterprise,Sales
m_5afbb18ef1,2024-01-10 00:00:00.0000000,NG,Education,SME,Referral
m_5b19208fc4,2024-01-19 00:00:00.0000000,NG,Ecommerce,Enterprise,Referral
m_5b35c0b5e8,2024-02-22 00:00:00.0000000,NG,SaaS,SME,Sales
m_5c041429a0,2024-02-09 00:00:00.0000000,NG,Logistics,Enterprise,Referral
m_5c54772cb3,2024-01-10 00:00:00.0000000,NG,Ecommerce,SME,Sales
m_5c919b3eab,2024-02-10 00:00:00.0000000,NG,Ecommerce,SME,Sales
m_5cb0b41ff0,2024-02-13 00:00:00.0000000,NG,Fintech,SME,Web
m_5cc3b9a968,2024-02-14 00:00:00.0000000,NG,SaaS,SME,Web
m_5cd001c122,2024-01-17 00:00:00.0000000,NG,SaaS,SME,Sales
m_5d2e70eb02,2024-01-22 00:00:00.0000000,NG,Education,SME,Web
m_5d3deb4ebf,2024-01-24 00:00:00.0000000,NG,Education,SME,Sales
m_5d529bcad9,2024-02-13 00:00:00.0000000,NG,Education,Enterprise,Sales
m_5e7799257d,2024-01-28 00:00:00.0000000,NG,Ecommerce,Enterprise,Referral
m_5ee85e64fd,2024-01-04 00:00:00.0000000,NG,Logistics,SME,Referral
m_5eff2e78b7,2024-02-29 00:00:00.0000000,NG,SaaS,SME,Sales
m_5ff0235905,2024-02-02 00:00:00.0000000,NG,Ecommerce,Enterprise,Referral
m_60af9b2554,2024-01-27 00:00:00.0000000,NG,SaaS,Enterprise,Referral
m_612ea50710,2024-02-06 00:00:00.0000000,NG,SaaS,Enterprise,Web
m_614788b43e,2024-01-31 00:00:00.0000000,NG,Logistics,SME,Referral
m_6151937c23,2024-02-26 00:00:00.0000000,NG,Fintech,SME,Sales
m_6172221481,2024-01-20 00:00:00.0000000,NG,Education,SME,Web
m_61b5ff8f19,2024-01-31 00:00:00.0000000,NG,Education,Enterprise,Sales
m_61b6cd3d64,2024-02-17 00:00:00.0000000,NG,Education,SME,Referral
m_6205fdb61b,2024-02-21 00:00:00.0000000,NG,SaaS,Enterprise,Sales
m_62ce402988,2024-02-15 00:00:00.0000000,NG,Ecommerce,Enterprise,Sales
m_63a1b3f639,2024-02-10 00:00:00.0000000,NG,Education,Enterprise,Web
m_63f3a7cfaa,2024-01-01 00:00:00.0000000,NG,Ecommerce,Enterprise,Web
m_640753638b,2024-02-04 00:00:00.0000000,NG,Education,Enterprise,Referral
m_6410c62ac0,2024-01-18 00:00:00.0000000,NG,Logistics,Enterprise,Web
m_64355aa980,2024-02-29 00:00:00.0000000,NG,SaaS,SME,Sales
m_6485f0d614,2024-02-16 00:00:00.0000000,NG,Fintech,Enterprise,Sales
m_652a7e8a8f,2024-01-24 00:00:00.0000000,NG,Fintech,SME,Web
m_653a1a8a3d,2024-01-21 00:00:00.0000000,NG,Ecommerce,Enterprise,Sales
m_65765aed2c,2024-02-12 00:00:00.0000000,NG,Ecommerce,SME,Web
m_65c3e0b150,2024-02-16 00:00:00.0000000,NG,Ecommerce,Enterprise,Web
m_661674c0c0,2024-01-26 00:00:00.0000000,NG,Ecommerce,Enterprise,Web
m_661ab8544c,2024-01-02 00:00:00.0000000,NG,Ecommerce,SME,Web
m_6630e38e09,2024-01-26 00:00:00.0000000,NG,Fintech,Enterprise,Referral
m_66a94b454d,2024-01-17 00:00:00.0000000,NG,Education,SME,Sales
m_66d10a9075,2024-02-02 00:00:00.0000000,NG,Fintech,Enterprise,Sales
m_66d24572cc,2024-01-14 00:00:00.0000000,NG,Fintech,SME,Sales
m_66e80bba52,2024-01-13 00:00:00.0000000,NG,Education,Enterprise,Web
m_66f80d7256,2024-02-20 00:00:00.0000000,NG,Logistics,SME,Referral
m_674316adbd,2024-01-05 00:00:00.0000000,NG,Logistics,SME,Referral
m_67497a0696,2024-01-26 00:00:00.0000000,NG,Education,SME,Referral
m_67607d7b67,2024-01-30 00:00:00.0000000,NG,Fintech,Enterprise,Referral
m_677a0b5879,2024-01-27 00:00:00.0000000,NG,Education,Enterprise,Sales
m_681ab78517,2024-01-12 00:00:00.0000000,NG,Education,Enterprise,Referral
m_68c54c4c7b,2024-02-17 00:00:00.0000000,NG,SaaS,SME,Sales
m_68d64cfbb6,2024-01-26 00:00:00.0000000,NG,Fintech,Enterprise,Referral
m_68f1d7cd2b,2024-01-18 00:00:00.0000000,NG,Logistics,Enterprise,Sales
m_69112f2e56,2024-01-24 00:00:00.0000000,NG,Logistics,SME,Web
m_6961882ad8,2024-02-05 00:00:00.0000000,NG,Ecommerce,Enterprise,Sales
m_69dd069e8a,2024-02-22 00:00:00.0000000,NG,Ecommerce,SME,Sales
m_6a4f427387,2024-02-04 00:00:00.0000000,NG,SaaS,SME,Sales
m_6a8922f52c,2024-02-03 00:00:00.0000000,NG,SaaS,SME,Referral
m_6a985a222c,2024-01-24 00:00:00.0000000,NG,SaaS,SME,Web
m_6aa1b90585,2024-01-31 00:00:00.0000000,NG,Ecommerce,Enterprise,Referral
m_6adf2e1889,2024-02-11 00:00:00.0000000,NG,Logistics,Enterprise,Referral
m_6aed2c5cec,2024-01-19 00:00:00.0000000,NG,Ecommerce,Enterprise,Web
m_6aed2f1bc2,2024-01-18 00:00:00.0000000,NG,Logistics,Enterprise,Web
m_6c0824bcc8,2024-02-12 00:00:00.0000000,NG,Logistics,SME,Sales
m_6c41c7e460,2024-01-22 00:00:00.0000000,NG,Ecommerce,SME,Sales
m_6c5e1314fa,2024-02-21 00:00:00.0000000,NG,Ecommerce,Enterprise,Referral
m_6c8da33c57,2024-01-22 00:00:00.0000000,NG,Ecommerce,SME,Web
m_6d03123f2b,2024-02-04 00:00:00.0000000,NG,SaaS,Enterprise,Web
m_6d1b6c2b47,2024-01-09 00:00:00.0000000,NG,Education,Enterprise,Web
m_6d70e227e6,2024-02-17 00:00:00.0000000,NG,SaaS,SME,Sales
m_6da18fa087,2024-01-23 00:00:00.0000000,NG,Education,Enterprise,Referral
m_6e54106e8a,2024-02-09 00:00:00.0000000,NG,Education,Enterprise,Sales
m_6ee5b5dfd4,2024-02-23 00:00:00.0000000,NG,SaaS,SME,Sales
m_70285871e0,2024-02-26 00:00:00.0000000,NG,Education,Enterprise,Web
m_7053f46f2e,2024-01-06 00:00:00.0000000,NG,Logistics,SME,Sales
m_70863806eb,2024-01-23 00:00:00.0000000,NG,Logistics,Enterprise,Referral
m_70b2998001,2024-02-10 00:00:00.0000000,NG,SaaS,SME,Web
m_70b56d545d,2024-02-14 00:00:00.0000000,NG,Logistics,Enterprise,Referral
m_70ef414429,2024-01-19 00:00:00.0000000,NG,Logistics,SME,Referral
m_710ea96f47,2024-01-01 00:00:00.0000000,NG,SaaS,Enterprise,Web
m_7243af85da,2024-01-22 00:00:00.0000000,NG,Logistics,Enterprise,Sales
m_72932eece9,2024-01-03 00:00:00.0000000,NG,Fintech,Enterprise,Sales
m_729489e917,2024-01-28 00:00:00.0000000,NG,Fintech,Enterprise,Referral
m_72cecfb2ce,2024-02-02 00:00:00.0000000,NG,Fintech,SME,Sales
m_72de4cd20d,2024-02-13 00:00:00.0000000,NG,Ecommerce,Enterprise,Web
m_73062da649,2024-01-10 00:00:00.0000000,NG,Education,SME,Sales
m_7323dd03b9,2024-01-13 00:00:00.0000000,NG,SaaS,SME,Sales
m_7381cd61b1,2024-02-27 00:00:00.0000000,NG,Ecommerce,SME,Sales
m_73d8b36703,2024-01-09 00:00:00.0000000,NG,Fintech,SME,Sales
m_7452724447,2024-02-01 00:00:00.0000000,NG,SaaS,Enterprise,Web
m_7477acaa3d,2024-02-09 00:00:00.0000000,NG,Education,Enterprise,Web
m_755abd5e8d,2024-01-17 00:00:00.0000000,NG,Ecommerce,Enterprise,Web
m_757792376b,2024-02-28 00:00:00.0000000,NG,Fintech,SME,Referral
m_757e118272,2024-02-18 00:00:00.0000000,NG,SaaS,Enterprise,Web
m_75d0daff2b,2024-01-03 00:00:00.0000000,NG,SaaS,Enterprise,Sales
m_7619409c0c,2024-01-29 00:00:00.0000000,NG,Ecommerce,Enterprise,Web
m_7684a8e611,2024-02-19 00:00:00.0000000,NG,Ecommerce,SME,Referral
m_76e363dea3,2024-01-27 00:00:00.0000000,NG,Education,Enterprise,Web
m_76f33fc663,2024-02-20 00:00:00.0000000,NG,Fintech,SME,Referral
m_771d35c6c7,2024-02-03 00:00:00.0000000,NG,Logistics,Enterprise,Referral
m_774f91aef3,2024-02-02 00:00:00.0000000,NG,Education,SME,Web
m_776028aaf6,2024-02-24 00:00:00.0000000,NG,Logistics,Enterprise,Sales
m_779132a7ec,2024-02-25 00:00:00.0000000,NG,Fintech,SME,Web
m_782e6c13e1,2024-02-29 00:00:00.0000000,NG,Ecommerce,Enterprise,Referral
m_785b902c91,2024-01-02 00:00:00.0000000,NG,Logistics,Enterprise,Referral
m_7902fd912b,2024-01-25 00:00:00.0000000,NG,Education,Enterprise,Web
m_795340fd40,2024-01-15 00:00:00.0000000,NG,SaaS,Enterprise,Web
m_79e8d26561,2024-01-20 00:00:00.0000000,NG,SaaS,SME,Sales
m_7a0ab9a43b,2024-01-17 00:00:00.0000000,NG,Education,Enterprise,Web
m_7a3d6557ca,2024-01-11 00:00:00.0000000,NG,Fintech,Enterprise,Sales
m_7ad6d63f59,2024-02-05 00:00:00.0000000,NG,Fintech,Enterprise,Referral
m_7b0b332148,2024-02-08 00:00:00.0000000,NG,Ecommerce,SME,Referral
m_7b4d7a2894,2024-02-19 00:00:00.0000000,NG,SaaS,Enterprise,Referral
m_7c7d2faa9f,2024-01-30 00:00:00.0000000,NG,Education,SME,Web
m_7cf231f57f,2024-01-02 00:00:00.0000000,NG,Logistics,Enterprise,Sales
m_7d194318d1,2024-01-12 00:00:00.0000000,NG,Fintech,Enterprise,Sales
m_7ddddf7c98,2024-01-16 00:00:00.0000000,NG,SaaS,SME,Referral
m_7de20245e9,2024-01-22 00:00:00.0000000,NG,Logistics,SME,Web
m_7e882ba60b,2024-02-02 00:00:00.0000000,NG,SaaS,Enterprise,Sales
m_7eeeba7574,2024-02-23 00:00:00.0000000,NG,Ecommerce,Enterprise,Referral
m_7f0123dd7d,2024-01-03 00:00:00.0000000,NG,Education,Enterprise,Referral
m_7f7d8e35d9,2024-01-30 00:00:00.0000000,NG,Education,SME,Sales
m_7f89edd5d5,2024-01-09 00:00:00.0000000,NG,SaaS,SME,Web
m_7faa403cea,2024-01-24 00:00:00.0000000,NG,Fintech,SME,Referral
m_8000a710f5,2024-01-26 00:00:00.0000000,NG,SaaS,SME,Web
m_8069042711,2024-01-17 00:00:00.0000000,NG,Fintech,SME,Web
m_8072e002cd,2024-01-12 00:00:00.0000000,NG,Education,SME,Sales
m_80a272248c,2024-02-27 00:00:00.0000000,NG,Ecommerce,SME,Referral
m_80ace90443,2024-02-20 00:00:00.0000000,NG,SaaS,SME,Referral
m_80e637d6a7,2024-02-22 00:00:00.0000000,NG,Ecommerce,Enterprise,Sales
m_80f4d2f92a,2024-02-24 00:00:00.0000000,NG,Logistics,Enterprise,Sales
m_8118a3d422,2024-02-02 00:00:00.0000000,NG,Education,SME,Referral
m_81efeda3e4,2024-01-25 00:00:00.0000000,NG,Fintech,Enterprise,Sales
m_823631e4b9,2024-02-18 00:00:00.0000000,NG,Fintech,Enterprise,Web
m_835a1d4c4a,2024-01-11 00:00:00.0000000,NG,SaaS,Enterprise,Web
m_83b9b73b68,2024-02-01 00:00:00.0000000,NG,Ecommerce,SME,Sales
m_83c7759db1,2024-01-12 00:00:00.0000000,NG,Education,SME,Referral
m_83f2a0659c,2024-02-14 00:00:00.0000000,NG,Education,SME,Referral
m_8427c1f366,2024-01-23 00:00:00.0000000,NG,Ecommerce,Enterprise,Referral
m_842c3a84a3,2024-01-02 00:00:00.0000000,NG,Fintech,SME,Sales
m_8441a4d915,2024-01-12 00:00:00.0000000,NG,SaaS,SME,Web
m_8450ac37b4,2024-02-27 00:00:00.0000000,NG,Education,Enterprise,Referral
m_85083dd0f0,2024-02-04 00:00:00.0000000,NG,SaaS,Enterprise,Sales
m_85602c8cee,2024-02-02 00:00:00.0000000,NG,SaaS,SME,Web
m_865d3bb2d5,2024-02-12 00:00:00.0000000,NG,SaaS,Enterprise,Referral
m_86b6fa20d7,2024-02-01 00:00:00.0000000,NG,Ecommerce,Enterprise,Sales
m_86d2b3afe8,2024-01-29 00:00:00.0000000,NG,Ecommerce,Enterprise,Sales
m_87132165b0,2024-02-20 00:00:00.0000000,NG,Fintech,Enterprise,Web
m_8733af3708,2024-02-15 00:00:00.0000000,NG,SaaS,SME,Referral
m_874b26546c,2024-02-28 00:00:00.0000000,NG,Ecommerce,Enterprise,Referral
m_879aa4758c,2024-01-10 00:00:00.0000000,NG,Logistics,SME,Referral
m_87be9b1af6,2024-02-14 00:00:00.0000000,NG,Education,SME,Referral
m_88a3907415,2024-01-15 00:00:00.0000000,NG,Ecommerce,SME,Web
m_8974c835c0,2024-02-08 00:00:00.0000000,NG,Logistics,SME,Sales
m_898ded2410,2024-01-16 00:00:00.0000000,NG,Logistics,Enterprise,Web
m_89aba4b8a9,2024-02-18 00:00:00.0000000,NG,Ecommerce,SME,Sales
m_89c155e3ed,2024-02-06 00:00:00.0000000,NG,SaaS,Enterprise,Web
m_89c8ac284c,2024-02-27 00:00:00.0000000,NG,Fintech,Enterprise,Referral
m_8a19a2f57a,2024-01-15 00:00:00.0000000,NG,Ecommerce,Enterprise,Sales
m_8ae2078642,2024-02-26 00:00:00.0000000,NG,SaaS,Enterprise,Web
m_8b0345cb4b,2024-02-04 00:00:00.0000000,NG,Ecommerce,SME,Sales
m_8b230dc17b,2024-01-22 00:00:00.0000000,NG,Fintech,Enterprise,Referral
m_8b7dfc029d,2024-01-09 00:00:00.0000000,NG,Logistics,SME,Referral
m_8b988d81c0,2024-02-14 00:00:00.0000000,NG,Logistics,Enterprise,Sales
m_8ba4a957e5,2024-02-28 00:00:00.0000000,NG,Ecommerce,SME,Web
m_8c32b1dade,2024-01-05 00:00:00.0000000,NG,SaaS,SME,Referral
m_8c47af6e7d,2024-02-15 00:00:00.0000000,NG,Fintech,SME,Sales
m_8d7f4ef003,2024-02-02 00:00:00.0000000,NG,Logistics,Enterprise,Referral
m_8da4c18fe0,2024-02-07 00:00:00.0000000,NG,Education,Enterprise,Referral
m_8dfaae8206,2024-02-05 00:00:00.0000000,NG,Logistics,SME,Web
m_8e03759679,2024-02-16 00:00:00.0000000,NG,Ecommerce,Enterprise,Sales
m_8e72acadfe,2024-02-15 00:00:00.0000000,NG,SaaS,SME,Sales
m_8e7665c66f,2024-01-16 00:00:00.0000000,NG,Education,SME,Sales
m_8e93e938bd,2024-02-17 00:00:00.0000000,NG,Education,SME,Sales
m_8ea0fd18f2,2024-02-17 00:00:00.0000000,NG,Fintech,SME,Sales
m_8eae277ea1,2024-01-13 00:00:00.0000000,NG,Logistics,Enterprise,Referral
m_8f2bbc2a61,2024-02-04 00:00:00.0000000,NG,SaaS,SME,Sales
m_8f52ee4bb0,2024-02-04 00:00:00.0000000,NG,Logistics,SME,Sales
m_8f8863c047,2024-01-21 00:00:00.0000000,NG,Ecommerce,Enterprise,Web
m_8fd9fd041b,2024-02-13 00:00:00.0000000,NG,Logistics,Enterprise,Referral
m_901fd73754,2024-01-26 00:00:00.0000000,NG,Education,SME,Sales
m_90203a4037,2024-02-01 00:00:00.0000000,NG,Ecommerce,SME,Referral
m_90b3df7a8a,2024-01-04 00:00:00.0000000,NG,Education,SME,Sales
m_90b4fd15c7,2024-02-01 00:00:00.0000000,NG,Fintech,Enterprise,Referral
m_90de9e30d9,2024-02-10 00:00:00.0000000,NG,Logistics,Enterprise,Referral
m_9112550cdc,2024-01-23 00:00:00.0000000,NG,Education,Enterprise,Sales
m_91f24ed4ef,2024-01-02 00:00:00.0000000,NG,Ecommerce,SME,Web
m_9213804792,2024-02-23 00:00:00.0000000,NG,SaaS,SME,Referral
m_9214d93262,2024-01-21 00:00:00.0000000,NG,Ecommerce,Enterprise,Web
m_92486d9b26,2024-02-12 00:00:00.0000000,NG,Ecommerce,Enterprise,Sales
m_92ec3c0811,2024-02-03 00:00:00.0000000,NG,Education,SME,Referral
m_93e952436e,2024-01-27 00:00:00.0000000,NG,Education,SME,Sales
m_9432f62506,2024-01-20 00:00:00.0000000,NG,Education,Enterprise,Sales
m_9453bf15a4,2024-02-29 00:00:00.0000000,NG,SaaS,SME,Sales
m_94d4281388,2024-02-02 00:00:00.0000000,NG,Education,Enterprise,Web
m_955ef28d6b,2024-01-28 00:00:00.0000000,NG,SaaS,SME,Referral
m_95875b7311,2024-01-05 00:00:00.0000000,NG,Education,SME,Sales
m_962a79c87c,2024-01-08 00:00:00.0000000,NG,Logistics,Enterprise,Referral
m_96c5e30bbf,2024-02-04 00:00:00.0000000,NG,Fintech,Enterprise,Web
m_96c5f9e74b,2024-01-19 00:00:00.0000000,NG,SaaS,SME,Referral
m_96f967078e,2024-02-16 00:00:00.0000000,NG,Education,SME,Sales
m_972c3b19a0,2024-02-06 00:00:00.0000000,NG,Education,SME,Sales
m_97c26bb570,2024-01-23 00:00:00.0000000,NG,Logistics,SME,Web
m_98212f2404,2024-02-08 00:00:00.0000000,NG,Education,SME,Web
m_98a7c5ce4f,2024-01-27 00:00:00.0000000,NG,Ecommerce,SME,Referral
m_98d536a727,2024-02-04 00:00:00.0000000,NG,Fintech,SME,Referral
m_990a8f98b1,2024-01-02 00:00:00.0000000,NG,SaaS,SME,Referral
m_9934f53be6,2024-01-26 00:00:00.0000000,NG,Fintech,Enterprise,Web
m_99814a7f24,2024-02-22 00:00:00.0000000,NG,Ecommerce,SME,Referral
m_9994bb0a3a,2024-02-01 00:00:00.0000000,NG,Fintech,Enterprise,Referral
m_9a2353b479,2024-01-28 00:00:00.0000000,NG,Ecommerce,SME,Sales
m_9b205603cb,2024-01-11 00:00:00.0000000,NG,SaaS,Enterprise,Sales
m_9b9c2ffe5e,2024-02-29 00:00:00.0000000,NG,Ecommerce,SME,Sales
m_9bf28711c7,2024-01-24 00:00:00.0000000,NG,Logistics,Enterprise,Referral
m_9bf727197f,2024-02-26 00:00:00.0000000,NG,Logistics,SME,Sales
m_9ca8168236,2024-01-07 00:00:00.0000000,NG,SaaS,SME,Web
m_9ccd8e2b37,2024-02-21 00:00:00.0000000,NG,Ecommerce,SME,Web
m_9d43863046,2024-01-23 00:00:00.0000000,NG,SaaS,Enterprise,Referral
m_9dafa16a2f,2024-01-25 00:00:00.0000000,NG,SaaS,Enterprise,Web
m_9df29d0bd1,2024-01-17 00:00:00.0000000,NG,Education,Enterprise,Referral
m_9e26a1d45a,2024-01-15 00:00:00.0000000,NG,Education,SME,Referral
m_9e60d8ee82,2024-02-04 00:00:00.0000000,NG,Ecommerce,SME,Referral
m_9e66493f21,2024-01-24 00:00:00.0000000,NG,SaaS,Enterprise,Referral
m_9ea160ff97,2024-02-07 00:00:00.0000000,NG,Fintech,SME,Referral
m_9f0e865230,2024-02-21 00:00:00.0000000,NG,Education,Enterprise,Web
m_9f43e91f79,2024-01-18 00:00:00.0000000,NG,Logistics,Enterprise,Sales
m_9fd2c103fb,2024-01-11 00:00:00.0000000,NG,Logistics,Enterprise,Sales
m_9fe1a0e869,2024-02-17 00:00:00.0000000,NG,Fintech,Enterprise,Sales
m_9ff8bc491d,2024-02-13 00:00:00.0000000,NG,Ecommerce,SME,Web
m_a00efee82f,2024-01-11 00:00:00.0000000,NG,SaaS,SME,Web
m_a0ecbb09ce,2024-02-02 00:00:00.0000000,NG,SaaS,SME,Web
m_a0fb1203a8,2024-02-06 00:00:00.0000000,NG,Education,Enterprise,Web
m_a167ed79d5,2024-02-14 00:00:00.0000000,NG,Fintech,SME,Referral
m_a23a270283,2024-02-05 00:00:00.0000000,NG,Fintech,Enterprise,Sales
m_a2e3907623,2024-02-29 00:00:00.0000000,NG,SaaS,Enterprise,Web
m_a33211b01f,2024-02-13 00:00:00.0000000,NG,Logistics,Enterprise,Sales
m_a382c9a40c,2024-02-18 00:00:00.0000000,NG,Logistics,SME,Sales
m_a3e0ff643c,2024-01-01 00:00:00.0000000,NG,Ecommerce,SME,Web
m_a3f28b609e,2024-02-03 00:00:00.0000000,NG,Ecommerce,SME,Sales
m_a44445d690,2024-01-19 00:00:00.0000000,NG,Ecommerce,SME,Sales
m_a4cb633421,2024-01-21 00:00:00.0000000,NG,SaaS,Enterprise,Referral
m_a4de45f48a,2024-02-28 00:00:00.0000000,NG,Logistics,Enterprise,Sales
m_a4ea3e63f9,2024-02-14 00:00:00.0000000,NG,Fintech,Enterprise,Referral
m_a52d574a55,2024-01-17 00:00:00.0000000,NG,Fintech,SME,Sales
m_a5321f2652,2024-01-30 00:00:00.0000000,NG,SaaS,SME,Sales
m_a642533d25,2024-01-26 00:00:00.0000000,NG,Ecommerce,Enterprise,Referral
m_a65d049a77,2024-02-10 00:00:00.0000000,NG,Logistics,SME,Web
m_a6999e29e6,2024-02-11 00:00:00.0000000,NG,Ecommerce,Enterprise,Sales
m_a7201d3654,2024-01-28 00:00:00.0000000,NG,Education,SME,Sales
m_a766f54c17,2024-02-23 00:00:00.0000000,NG,Fintech,Enterprise,Sales
m_a7948f41f1,2024-01-03 00:00:00.0000000,NG,Logistics,Enterprise,Sales
m_a7a62a2cd5,2024-02-29 00:00:00.0000000,NG,Education,SME,Web
m_a7db056b1d,2024-01-30 00:00:00.0000000,NG,SaaS,Enterprise,Sales
m_a818e9dbf5,2024-01-12 00:00:00.0000000,NG,SaaS,Enterprise,Web
m_a86e4162cb,2024-01-24 00:00:00.0000000,NG,Fintech,SME,Sales
m_a8abebb787,2024-02-21 00:00:00.0000000,NG,Fintech,Enterprise,Web
m_a9535b07e7,2024-02-14 00:00:00.0000000,NG,SaaS,Enterprise,Web
m_aa052e5b6f,2024-01-02 00:00:00.0000000,NG,Education,SME,Sales
m_aa99f091bc,2024-02-09 00:00:00.0000000,NG,Education,Enterprise,Referral
m_aa9beef584,2024-02-23 00:00:00.0000000,NG,Fintech,Enterprise,Web
m_aaefedc9e5,2024-01-17 00:00:00.0000000,NG,Education,SME,Referral
m_ab1b165aac,2024-01-11 00:00:00.0000000,NG,Logistics,Enterprise,Web
m_ab32329de2,2024-02-11 00:00:00.0000000,NG,Education,SME,Referral
m_ab8dab403e,2024-02-01 00:00:00.0000000,NG,Logistics,SME,Referral
m_abf09afec7,2024-02-20 00:00:00.0000000,NG,SaaS,SME,Sales
m_ac0eb786e0,2024-01-04 00:00:00.0000000,NG,Education,Enterprise,Referral
m_ad1073e1b6,2024-01-25 00:00:00.0000000,NG,Logistics,SME,Sales
m_ad7ac00fca,2024-02-29 00:00:00.0000000,NG,SaaS,Enterprise,Referral
m_ada8a2ef14,2024-01-27 00:00:00.0000000,NG,Fintech,Enterprise,Web
m_ae0b139f35,2024-02-19 00:00:00.0000000,NG,Logistics,SME,Web
m_ae0f14ce27,2024-01-07 00:00:00.0000000,NG,SaaS,SME,Sales
m_ae7828a4bc,2024-01-23 00:00:00.0000000,NG,Education,SME,Sales
m_aea08a10c1,2024-02-17 00:00:00.0000000,NG,Fintech,SME,Referral
m_aea6e2e37b,2024-02-04 00:00:00.0000000,NG,Ecommerce,Enterprise,Sales
m_aea8db7f13,2024-02-09 00:00:00.0000000,NG,Logistics,Enterprise,Referral
m_aeb7dfe344,2024-01-25 00:00:00.0000000,NG,Education,Enterprise,Referral
m_aebad89e92,2024-01-24 00:00:00.0000000,NG,SaaS,SME,Web
m_aee406d367,2024-02-04 00:00:00.0000000,NG,Fintech,SME,Web
m_aef8f92b52,2024-02-18 00:00:00.0000000,NG,SaaS,Enterprise,Web
m_af105d17e0,2024-02-24 00:00:00.0000000,NG,Ecommerce,SME,Web
m_afc4334094,2024-02-18 00:00:00.0000000,NG,Fintech,Enterprise,Referral
m_afc8dce618,2024-02-27 00:00:00.0000000,NG,Education,Enterprise,Referral
m_afdadda8e4,2024-02-11 00:00:00.0000000,NG,Fintech,SME,Web
m_b0ba9a23c9,2024-02-18 00:00:00.0000000,NG,SaaS,Enterprise,Sales
m_b0e9528736,2024-02-25 00:00:00.0000000,NG,Education,SME,Sales
m_b162d7573c,2024-01-29 00:00:00.0000000,NG,SaaS,SME,Web
m_b22e58fcaf,2024-01-08 00:00:00.0000000,NG,Ecommerce,SME,Web
m_b2800c20f2,2024-02-04 00:00:00.0000000,NG,SaaS,SME,Sales
m_b2850e4c16,2024-02-06 00:00:00.0000000,NG,SaaS,Enterprise,Sales
m_b3b2c91d06,2024-01-30 00:00:00.0000000,NG,Ecommerce,SME,Sales
m_b40003448e,2024-02-18 00:00:00.0000000,NG,Education,SME,Sales
m_b45f7025eb,2024-02-28 00:00:00.0000000,NG,Fintech,SME,Web
m_b48c38c55d,2024-01-08 00:00:00.0000000,NG,Fintech,SME,Sales
m_b4f0f5cbdd,2024-02-02 00:00:00.0000000,NG,Education,Enterprise,Sales
m_b5a12bcd37,2024-01-25 00:00:00.0000000,NG,Education,SME,Referral
m_b5a9b5bd73,2024-02-26 00:00:00.0000000,NG,Ecommerce,Enterprise,Web
m_b5ea0c78a5,2024-02-21 00:00:00.0000000,NG,Education,SME,Web
m_b661bb9370,2024-02-12 00:00:00.0000000,NG,Education,SME,Referral
m_b6c5ec39ef,2024-01-18 00:00:00.0000000,NG,Education,Enterprise,Referral
m_b745c60d28,2024-01-29 00:00:00.0000000,NG,Fintech,SME,Web
m_b77ed03293,2024-02-08 00:00:00.0000000,NG,SaaS,Enterprise,Sales
m_b7ac5cd0d4,2024-01-03 00:00:00.0000000,NG,Logistics,Enterprise,Referral
m_b824b200b5,2024-02-08 00:00:00.0000000,NG,Ecommerce,SME,Sales
m_b8acb01b01,2024-02-13 00:00:00.0000000,NG,Fintech,SME,Web
m_b8cc216520,2024-01-24 00:00:00.0000000,NG,Education,SME,Sales
m_b8d3e2a538,2024-01-22 00:00:00.0000000,NG,Fintech,SME,Web
m_b92e85bfab,2024-02-19 00:00:00.0000000,NG,Education,SME,Web
m_b953dac151,2024-02-28 00:00:00.0000000,NG,Logistics,Enterprise,Web
m_b97ad0826f,2024-01-18 00:00:00.0000000,NG,Ecommerce,Enterprise,Sales
m_ba01ea8637,2024-01-01 00:00:00.0000000,NG,SaaS,SME,Referral
m_ba4896a688,2024-01-26 00:00:00.0000000,NG,Logistics,SME,Referral
m_bb135e7de4,2024-02-11 00:00:00.0000000,NG,Education,SME,Web
m_bba19d84a4,2024-01-23 00:00:00.0000000,NG,SaaS,Enterprise,Web
m_bbca084bbc,2024-02-24 00:00:00.0000000,NG,SaaS,Enterprise,Sales
m_bd3c8a12a0,2024-02-13 00:00:00.0000000,NG,Fintech,SME,Referral
m_bd4ab71913,2024-02-18 00:00:00.0000000,NG,Education,SME,Referral
m_bdcbc0ef5d,2024-02-27 00:00:00.0000000,NG,Ecommerce,Enterprise,Web
m_bde56d0a33,2024-02-21 00:00:00.0000000,NG,Fintech,Enterprise,Referral
m_bea24d6e34,2024-01-14 00:00:00.0000000,NG,Logistics,SME,Referral
m_bf3a7a2c1b,2024-02-09 00:00:00.0000000,NG,SaaS,Enterprise,Sales
m_bf9c78ca9f,2024-02-08 00:00:00.0000000,NG,SaaS,Enterprise,Web
m_c0078c079b,2024-02-26 00:00:00.0000000,NG,SaaS,SME,Web
m_c00e07a77b,2024-01-28 00:00:00.0000000,NG,Ecommerce,SME,Web
m_c05d83807d,2024-02-21 00:00:00.0000000,NG,Education,SME,Sales
m_c0ddf20c04,2024-02-15 00:00:00.0000000,NG,Logistics,SME,Web
m_c116ceb88d,2024-02-08 00:00:00.0000000,NG,Logistics,SME,Referral
m_c21c0ce176,2024-02-08 00:00:00.0000000,NG,Logistics,SME,Web
m_c345e32e5a,2024-02-07 00:00:00.0000000,NG,Fintech,SME,Sales
m_c35fa88271,2024-01-21 00:00:00.0000000,NG,Fintech,Enterprise,Web
m_c39ad39100,2024-02-04 00:00:00.0000000,NG,SaaS,Enterprise,Web
m_c3c52690a4,2024-01-03 00:00:00.0000000,NG,Logistics,Enterprise,Sales
m_c3cad3331d,2024-01-20 00:00:00.0000000,NG,Fintech,Enterprise,Web
m_c4558f2fda,2024-01-01 00:00:00.0000000,NG,Logistics,Enterprise,Sales
m_c4a0a4c100,2024-02-25 00:00:00.0000000,NG,Ecommerce,SME,Sales
m_c4a3191b2c,2024-01-28 00:00:00.0000000,NG,Logistics,Enterprise,Web
m_c4a6136686,2024-02-23 00:00:00.0000000,NG,Education,SME,Web
m_c4f3e8d67c,2024-01-29 00:00:00.0000000,NG,Logistics,SME,Web
m_c4f40d06fe,2024-02-11 00:00:00.0000000,NG,SaaS,SME,Referral
m_c50752c2e0,2024-01-15 00:00:00.0000000,NG,Fintech,SME,Sales
m_c57ae6c452,2024-02-18 00:00:00.0000000,NG,Ecommerce,Enterprise,Web
m_c5c85a8466,2024-01-28 00:00:00.0000000,NG,Fintech,SME,Web
m_c629cab247,2024-02-24 00:00:00.0000000,NG,Ecommerce,SME,Sales
m_c68c9f18a3,2024-02-14 00:00:00.0000000,NG,Education,Enterprise,Sales
m_c741fbba85,2024-02-06 00:00:00.0000000,NG,Fintech,Enterprise,Web
m_c77ed6a27c,2024-02-11 00:00:00.0000000,NG,Education,SME,Sales
m_c7d2b31e16,2024-01-01 00:00:00.0000000,NG,SaaS,Enterprise,Web
m_c7e8c5391e,2024-01-12 00:00:00.0000000,NG,Education,Enterprise,Referral
m_c7f6f46991,2024-02-02 00:00:00.0000000,NG,Fintech,SME,Referral
m_c82d29a5d7,2024-01-10 00:00:00.0000000,NG,Fintech,Enterprise,Web
m_c880ef91d0,2024-02-08 00:00:00.0000000,NG,Fintech,Enterprise,Sales
m_c8ad1fb749,2024-02-08 00:00:00.0000000,NG,Logistics,Enterprise,Web
m_c8c609aed6,2024-01-14 00:00:00.0000000,NG,Ecommerce,Enterprise,Web
m_c9896b9dda,2024-02-21 00:00:00.0000000,NG,Logistics,Enterprise,Web
m_c990ed76d9,2024-01-05 00:00:00.0000000,NG,Logistics,SME,Web
m_c9b9785d32,2024-02-13 00:00:00.0000000,NG,Logistics,SME,Sales
m_ca464e89fe,2024-02-11 00:00:00.0000000,NG,SaaS,SME,Referral
m_cb634384f0,2024-02-02 00:00:00.0000000,NG,Fintech,SME,Sales
m_cbb189b323,2024-02-23 00:00:00.0000000,NG,SaaS,SME,Web
m_cc5fcf029f,2024-02-12 00:00:00.0000000,NG,Logistics,Enterprise,Sales
m_ccd2657d70,2024-01-06 00:00:00.0000000,NG,Ecommerce,SME,Web
m_cd11f556e1,2024-01-10 00:00:00.0000000,NG,Ecommerce,SME,Referral
m_cd838fc3bc,2024-01-01 00:00:00.0000000,NG,SaaS,SME,Referral
m_cde0e25b7a,2024-01-17 00:00:00.0000000,NG,Fintech,Enterprise,Web
m_ce35229458,2024-02-09 00:00:00.0000000,NG,Fintech,Enterprise,Referral
m_ce39473197,2024-01-05 00:00:00.0000000,NG,SaaS,Enterprise,Sales
m_ce9b091606,2024-02-29 00:00:00.0000000,NG,Logistics,SME,Sales
m_ced3fdd40f,2024-02-02 00:00:00.0000000,NG,Ecommerce,SME,Sales
m_cee18748c2,2024-01-14 00:00:00.0000000,NG,SaaS,SME,Referral
m_cf1bb59701,2024-02-23 00:00:00.0000000,NG,SaaS,SME,Web
m_cfaad15ce5,2024-01-06 00:00:00.0000000,NG,Logistics,SME,Web
m_d01b7c6e94,2024-02-05 00:00:00.0000000,NG,Logistics,Enterprise,Referral
m_d04f3054ae,2024-02-20 00:00:00.0000000,NG,Ecommerce,Enterprise,Referral
m_d057b239bc,2024-01-16 00:00:00.0000000,NG,Ecommerce,Enterprise,Web
m_d06f0a4803,2024-02-16 00:00:00.0000000,NG,Logistics,Enterprise,Sales
m_d0c2795faa,2024-01-16 00:00:00.0000000,NG,Fintech,Enterprise,Referral
m_d188dc5a09,2024-02-05 00:00:00.0000000,NG,SaaS,Enterprise,Web
m_d23e74626e,2024-02-23 00:00:00.0000000,NG,Fintech,SME,Sales
m_d2864589de,2024-02-10 00:00:00.0000000,NG,Education,SME,Web
m_d2976a6dde,2024-02-04 00:00:00.0000000,NG,Ecommerce,SME,Web
m_d3908726c1,2024-01-23 00:00:00.0000000,NG,Education,Enterprise,Referral
m_d42077fb9d,2024-01-28 00:00:00.0000000,NG,Education,SME,Web
m_d47303d417,2024-01-23 00:00:00.0000000,NG,Ecommerce,Enterprise,Referral
m_d481643ac8,2024-01-16 00:00:00.0000000,NG,Ecommerce,SME,Web
m_d4886c2660,2024-01-09 00:00:00.0000000,NG,Fintech,Enterprise,Referral
m_d4b11e61e6,2024-01-09 00:00:00.0000000,NG,Education,SME,Referral
m_d4e8d2212a,2024-01-08 00:00:00.0000000,NG,Logistics,SME,Sales
m_d5185d042c,2024-01-12 00:00:00.0000000,NG,Logistics,SME,Web
m_d5d3c39acf,2024-01-22 00:00:00.0000000,NG,Ecommerce,SME,Referral
m_d5d9830a3c,2024-01-28 00:00:00.0000000,NG,Logistics,Enterprise,Web
m_d65103c8c7,2024-01-07 00:00:00.0000000,NG,Logistics,SME,Sales
m_d6beb00e5d,2024-02-28 00:00:00.0000000,NG,Logistics,Enterprise,Sales
m_d6ed37905e,2024-01-31 00:00:00.0000000,NG,Ecommerce,Enterprise,Sales
m_d7206fb2c2,2024-01-31 00:00:00.0000000,NG,SaaS,SME,Sales
m_d793fd594b,2024-02-06 00:00:00.0000000,NG,Ecommerce,SME,Sales
m_d7a431dee9,2024-02-25 00:00:00.0000000,NG,Ecommerce,SME,Sales
m_d7b5593d5b,2024-01-19 00:00:00.0000000,NG,SaaS,SME,Sales
m_d7fb26fe02,2024-01-03 00:00:00.0000000,NG,Fintech,Enterprise,Referral
m_d84e23cfe4,2024-01-16 00:00:00.0000000,NG,Logistics,SME,Referral
m_d86aa52afb,2024-02-21 00:00:00.0000000,NG,Ecommerce,Enterprise,Sales
m_d8cc7789e3,2024-01-26 00:00:00.0000000,NG,Ecommerce,SME,Referral
m_d926a4e4b8,2024-02-22 00:00:00.0000000,NG,SaaS,SME,Referral
m_d99f6e6fb3,2024-02-06 00:00:00.0000000,NG,Ecommerce,Enterprise,Sales
m_da065a694d,2024-01-13 00:00:00.0000000,NG,Ecommerce,SME,Web
m_da52fe880f,2024-01-01 00:00:00.0000000,NG,Logistics,SME,Sales
m_da5e30a8a7,2024-02-28 00:00:00.0000000,NG,Education,SME,Referral
m_db20d821c3,2024-01-03 00:00:00.0000000,NG,Logistics,Enterprise,Referral
m_db53c471e6,2024-01-03 00:00:00.0000000,NG,Ecommerce,Enterprise,Sales
m_db8eb5fb94,2024-01-11 00:00:00.0000000,NG,Ecommerce,Enterprise,Referral
m_dc7fb105b3,2024-02-01 00:00:00.0000000,NG,Ecommerce,Enterprise,Web
m_dca74c9179,2024-01-25 00:00:00.0000000,NG,Education,SME,Sales
m_dcc3f47e35,2024-02-25 00:00:00.0000000,NG,Education,SME,Referral
m_dd2719a247,2024-01-12 00:00:00.0000000,NG,Ecommerce,Enterprise,Sales
m_dd2a3aa7b7,2024-01-04 00:00:00.0000000,NG,Education,SME,Web
m_dd98fdf0c2,2024-02-27 00:00:00.0000000,NG,Ecommerce,SME,Referral
m_dda63e3c5d,2024-02-05 00:00:00.0000000,NG,Logistics,Enterprise,Referral
m_ddf2807eab,2024-01-25 00:00:00.0000000,NG,Ecommerce,SME,Referral
m_de1b76f721,2024-01-28 00:00:00.0000000,NG,Fintech,SME,Web
m_de71462a6a,2024-02-29 00:00:00.0000000,NG,Logistics,Enterprise,Sales
m_df85a5c16c,2024-01-26 00:00:00.0000000,NG,Logistics,Enterprise,Sales
m_df864e5208,2024-01-15 00:00:00.0000000,NG,Fintech,Enterprise,Sales
m_dfba1b9294,2024-01-07 00:00:00.0000000,NG,Fintech,Enterprise,Referral
m_dfeac43605,2024-02-28 00:00:00.0000000,NG,SaaS,SME,Referral
m_e017c65d68,2024-01-13 00:00:00.0000000,NG,Logistics,SME,Web
m_e019f14d80,2024-02-07 00:00:00.0000000,NG,Fintech,Enterprise,Sales
m_e093912b8d,2024-02-29 00:00:00.0000000,NG,Education,Enterprise,Sales
m_e127552112,2024-01-26 00:00:00.0000000,NG,Ecommerce,Enterprise,Referral
m_e12f461842,2024-01-15 00:00:00.0000000,NG,Ecommerce,Enterprise,Referral
m_e18f08fe9a,2024-02-17 00:00:00.0000000,NG,Ecommerce,SME,Web
m_e1bbce3343,2024-01-24 00:00:00.0000000,NG,SaaS,SME,Referral
m_e1eb58cc69,2024-02-27 00:00:00.0000000,NG,Education,SME,Sales
m_e2458d1cb3,2024-01-20 00:00:00.0000000,NG,SaaS,Enterprise,Sales
m_e2835fd4fb,2024-01-23 00:00:00.0000000,NG,Fintech,SME,Web
m_e2dc9e5c72,2024-01-19 00:00:00.0000000,NG,Education,Enterprise,Referral
m_e32758c867,2024-02-02 00:00:00.0000000,NG,Logistics,SME,Web
m_e34eced250,2024-02-20 00:00:00.0000000,NG,Education,Enterprise,Sales
m_e3bc986270,2024-01-22 00:00:00.0000000,NG,Ecommerce,SME,Web
m_e40d65ded4,2024-02-17 00:00:00.0000000,NG,SaaS,SME,Referral
m_e42fef6048,2024-02-02 00:00:00.0000000,NG,Education,SME,Referral
m_e4c9f5d677,2024-01-02 00:00:00.0000000,NG,Education,Enterprise,Sales
m_e50a2ee02c,2024-01-02 00:00:00.0000000,NG,Logistics,SME,Referral
m_e50a58266c,2024-02-23 00:00:00.0000000,NG,Fintech,SME,Referral
m_e5762005c0,2024-02-29 00:00:00.0000000,NG,Education,SME,Web
m_e5ff22e0bc,2024-01-28 00:00:00.0000000,NG,Fintech,SME,Web
m_e61b569d8a,2024-02-24 00:00:00.0000000,NG,SaaS,Enterprise,Referral
m_e621c07329,2024-01-07 00:00:00.0000000,NG,Ecommerce,SME,Sales
m_e6b154ec9c,2024-02-04 00:00:00.0000000,NG,Logistics,SME,Sales
m_e6bc521f3d,2024-02-01 00:00:00.0000000,NG,SaaS,Enterprise,Web
m_e7790fea82,2024-01-02 00:00:00.0000000,NG,Fintech,SME,Referral
m_e7d910866f,2024-02-17 00:00:00.0000000,NG,Fintech,SME,Web
m_e81bd7e536,2024-02-22 00:00:00.0000000,NG,Ecommerce,Enterprise,Sales
m_e8368a8208,2024-02-01 00:00:00.0000000,NG,Logistics,Enterprise,Referral
m_e872a837b1,2024-01-16 00:00:00.0000000,NG,Fintech,SME,Sales
m_e88f068854,2024-01-19 00:00:00.0000000,NG,Fintech,SME,Referral
m_e8b789047f,2024-02-29 00:00:00.0000000,NG,Logistics,Enterprise,Sales
m_e8b8ab65d3,2024-02-06 00:00:00.0000000,NG,SaaS,SME,Referral
m_e900775096,2024-01-04 00:00:00.0000000,NG,Logistics,Enterprise,Web
m_e90774ad63,2024-02-13 00:00:00.0000000,NG,Fintech,Enterprise,Web
m_e907e8138c,2024-01-29 00:00:00.0000000,NG,Ecommerce,SME,Web
m_e9246a07c5,2024-02-01 00:00:00.0000000,NG,Education,SME,Web
m_e95496b89e,2024-02-13 00:00:00.0000000,NG,Fintech,Enterprise,Sales
m_ea6f8a88f6,2024-01-05 00:00:00.0000000,NG,Education,Enterprise,Referral
m_eb5e95bbf3,2024-02-18 00:00:00.0000000,NG,Logistics,Enterprise,Sales
m_eba4f772df,2024-02-04 00:00:00.0000000,NG,Logistics,Enterprise,Sales
m_ec1b84077c,2024-01-30 00:00:00.0000000,NG,Fintech,Enterprise,Sales
m_ecf43862f9,2024-02-17 00:00:00.0000000,NG,Logistics,Enterprise,Referral
m_ed7ebf64fe,2024-02-22 00:00:00.0000000,NG,Education,Enterprise,Web
m_edfe8aac84,2024-01-14 00:00:00.0000000,NG,SaaS,SME,Referral
m_eee87505c9,2024-02-24 00:00:00.0000000,NG,Logistics,SME,Sales
m_eee9847a51,2024-01-11 00:00:00.0000000,NG,Logistics,SME,Sales
m_eff50f62e9,2024-02-04 00:00:00.0000000,NG,Logistics,Enterprise,Referral
m_f09d23297b,2024-01-13 00:00:00.0000000,NG,Education,Enterprise,Referral
m_f0be43ae2d,2024-01-25 00:00:00.0000000,NG,Education,Enterprise,Web
m_f173f1f84d,2024-01-14 00:00:00.0000000,NG,Ecommerce,SME,Web
m_f192109734,2024-02-04 00:00:00.0000000,NG,SaaS,Enterprise,Sales
m_f1d7b2a4ab,2024-01-14 00:00:00.0000000,NG,Fintech,Enterprise,Referral
m_f2d59ab547,2024-01-22 00:00:00.0000000,NG,Fintech,Enterprise,Referral
m_f327d9e7df,2024-02-24 00:00:00.0000000,NG,SaaS,SME,Referral
m_f3717d2db9,2024-01-05 00:00:00.0000000,NG,Education,Enterprise,Web
m_f391cdaa4c,2024-01-30 00:00:00.0000000,NG,Logistics,SME,Sales
m_f3aae8f6ce,2024-02-04 00:00:00.0000000,NG,Ecommerce,SME,Referral
m_f3b97bde07,2024-02-01 00:00:00.0000000,NG,SaaS,SME,Sales
m_f46937c7e4,2024-01-09 00:00:00.0000000,NG,Education,SME,Referral
m_f47e0ca190,2024-01-17 00:00:00.0000000,NG,SaaS,Enterprise,Sales
m_f488d769b2,2024-01-18 00:00:00.0000000,NG,Education,SME,Web
m_f4a293c733,2024-02-19 00:00:00.0000000,NG,Logistics,SME,Sales
m_f509d20312,2024-01-24 00:00:00.0000000,NG,Logistics,Enterprise,Sales
m_f5bff98523,2024-02-15 00:00:00.0000000,NG,Fintech,Enterprise,Referral
m_f611eac0d0,2024-02-10 00:00:00.0000000,NG,Fintech,Enterprise,Web
m_f6132644ff,2024-02-19 00:00:00.0000000,NG,Education,Enterprise,Web
m_f6a5bc3506,2024-01-02 00:00:00.0000000,NG,Logistics,Enterprise,Referral
m_f6b436a3e7,2024-01-20 00:00:00.0000000,NG,Fintech,Enterprise,Web
m_f8c0a59d96,2024-02-29 00:00:00.0000000,NG,Logistics,Enterprise,Sales
m_f8c9b82dcb,2024-01-08 00:00:00.0000000,NG,Ecommerce,Enterprise,Web
m_f91e5a3cdb,2024-02-27 00:00:00.0000000,NG,Fintech,SME,Web
m_f949e74879,2024-01-02 00:00:00.0000000,NG,Ecommerce,SME,Web
m_f969e9850d,2024-01-09 00:00:00.0000000,NG,SaaS,Enterprise,Sales
m_fa1900e13f,2024-02-16 00:00:00.0000000,NG,Ecommerce,Enterprise,Web
m_fa2c1c0e07,2024-02-09 00:00:00.0000000,NG,Logistics,Enterprise,Referral
m_fa5415787c,2024-02-01 00:00:00.0000000,NG,Logistics,SME,Web
m_fa6aa8dd82,2024-01-05 00:00:00.0000000,NG,SaaS,SME,Sales
m_fac7a11f14,2024-01-07 00:00:00.0000000,NG,Education,Enterprise,Sales
m_fb62988e38,2024-02-06 00:00:00.0000000,NG,SaaS,Enterprise,Referral
m_fc00d0aae3,2024-02-10 00:00:00.0000000,NG,Education,SME,Web
m_fc2065ba41,2024-01-25 00:00:00.0000000,NG,Education,SME,Referral
m_fcb224417d,2024-01-05 00:00:00.0000000,NG,Fintech,SME,Web
m_fcc376107b,2024-01-07 00:00:00.0000000,NG,Logistics,Enterprise,Sales
m_fcedb8c240,2024-01-09 00:00:00.0000000,NG,Ecommerce,SME,Web
m_fcfe3fc982,2024-01-20 00:00:00.0000000,NG,Fintech,SME,Referral
m_fd0bc2c459,2024-01-06 00:00:00.0000000,NG,Education,Enterprise,Referral
m_fd2108536e,2024-02-24 00:00:00.0000000,NG,Education,Enterprise,Sales
m_fd776c66cf,2024-01-05 00:00:00.0000000,NG,SaaS,SME,Referral
m_fdbae50859,2024-02-24 00:00:00.0000000,NG,Ecommerce,SME,Referral
m_fddc0886be,2024-02-26 00:00:00.0000000,NG,Ecommerce,SME,Web
m_fe15c360c7,2024-02-14 00:00:00.0000000,NG,Fintech,SME,Referral
m_fe5fc2e5e8,2024-02-18 00:00:00.0000000,NG,Fintech,Enterprise,Sales
m_fea0706a29,2024-01-21 00:00:00.0000000,NG,SaaS,Enterprise,Referral
m_fec1c26eb3,2024-02-22 00:00:00.0000000,NG,SaaS,Enterprise,Sales
m_feea22267a,2024-02-18 00:00:00.0000000,NG,Ecommerce,Enterprise,Web
m_ff4e7ac2d8,2024-02-17 00:00:00.0000000,NG,Ecommerce,Enterprise,Sales
m_ff50f026dc,2024-02-07 00:00:00.0000000,NG,Fintech,Enterprise,Sales
m_ffac6cc615,2024-02-06 00:00:00.0000000,NG,Education,Enterprise,Web
m_ffc06b5a5b,2024-01-31 00:00:00.0000000,NG,Fintech,Enterprise,Sales
m_ffed1b45c2,2024-02-05 00:00:00.0000000,NG,Logistics,Enterprise,Referral
